"path","engine","test_type","template_hash","file_hash"
"workflows/bayesnec/aquatic/algal_growth.qmd","bayesnec","algal_growth","a963dfafd9ab5cc8dad0968e8deb77db","1deed610f2b259a4c53288c5e6ca3151"
"workflows/bayesnec/aquatic/daphnia_immobilisation.qmd","bayesnec","daphnia_immobilisation","a963dfafd9ab5cc8dad0968e8deb77db","7e0648c7254533eef763e3d7b58fa49f"
"workflows/bayesnec/aquatic/fish_larval_survival.qmd","bayesnec","fish_larval_survival","a963dfafd9ab5cc8dad0968e8deb77db","3f788580aae035ab017eec635b9bcb7d"
"workflows/bayesnec/aquatic/daphnia_reproduction.qmd","bayesnec","daphnia_reproduction","a963dfafd9ab5cc8dad0968e8deb77db","67c4ab6a1b600c1592c365bda390fb97"
"workflows/bayesnec/sublethal/fertilisation_success.qmd","bayesnec","fertilisation_success","a963dfafd9ab5cc8dad0968e8deb77db","7ccbed118c9c91eece9862aaa5880abf"
"workflows/bayesnec/sublethal/larval_development.qmd","bayesnec","larval_development","a963dfafd9ab5cc8dad0968e8deb77db","3e8ca5256eca43636a57bbf14d1600be"
"workflows/bayesnec/sublethal/coral_bleaching.qmd","bayesnec","coral_bleaching","a963dfafd9ab5cc8dad0968e8deb77db","7cf86d80237443ec2768be8f975c51c6"
"workflows/bayesnec/terrestrial/earthworm_survival.qmd","bayesnec","earthworm_survival","a963dfafd9ab5cc8dad0968e8deb77db","a10e49bce12be6ccb56d6e1f6433427c"
"workflows/bayesnec/terrestrial/earthworm_reproduction.qmd","bayesnec","earthworm_reproduction","a963dfafd9ab5cc8dad0968e8deb77db","51fa1175a7089c6eff3c5c852ecb2cd1"
"workflows/bayesnec/terrestrial/plant_emergence.qmd","bayesnec","plant_emergence","a963dfafd9ab5cc8dad0968e8deb77db","4e1ac2d9da612c75039c56753d505cb7"
"workflows/bayesnec/terrestrial/plant_growth.qmd","bayesnec","plant_growth","a963dfafd9ab5cc8dad0968e8deb77db","1d40167f1f5fda07445dbed1f7d5adb5"
"workflows/bayesnec/sediment/amphipod_survival.qmd","bayesnec","amphipod_survival","a963dfafd9ab5cc8dad0968e8deb77db","c01156272ba24e80b71a1196891c9c8a"
"workflows/bayesnec/microbial/bioluminescence_inhibition.qmd","bayesnec","bioluminescence_inhibition","a963dfafd9ab5cc8dad0968e8deb77db","f4ff90e2e716971cfb2bac7b642a03df"
"workflows/bayesnec/microbial/nitrification_inhibition.qmd","bayesnec","nitrification_inhibition","a963dfafd9ab5cc8dad0968e8deb77db","9fa22b8637ac8d47b2fe7368d93d7cde"
"workflows/drc/aquatic/algal_growth.qmd","drc","algal_growth","28bdf260560cd6ffe661fcc0fe0a77bf","f0f7e62083612e801206baa982f7e2e6"
"workflows/drc/aquatic/daphnia_immobilisation.qmd","drc","daphnia_immobilisation","28bdf260560cd6ffe661fcc0fe0a77bf","45cff655d7a133d9d97d61c5967b73d5"
"workflows/drc/aquatic/fish_larval_survival.qmd","drc","fish_larval_survival","28bdf260560cd6ffe661fcc0fe0a77bf","ddcc3f74c6077269fad0bbb274cd0347"
"workflows/drc/aquatic/daphnia_reproduction.qmd","drc","daphnia_reproduction","28bdf260560cd6ffe661fcc0fe0a77bf","fe982442f2f3d702f59367912f3d885e"
"workflows/drc/sublethal/fertilisation_success.qmd","drc","fertilisation_success","28bdf260560cd6ffe661fcc0fe0a77bf","0eff7d9d5172ba46e4938143503aa356"
"workflows/drc/sublethal/larval_development.qmd","drc","larval_development","28bdf260560cd6ffe661fcc0fe0a77bf","a8400f3db38649308b110a16e097ab8f"
"workflows/drc/sublethal/coral_bleaching.qmd","drc","coral_bleaching","28bdf260560cd6ffe661fcc0fe0a77bf","b9417eec671dd14f459111330e5fd386"
"workflows/drc/terrestrial/earthworm_survival.qmd","drc","earthworm_survival","28bdf260560cd6ffe661fcc0fe0a77bf","97404e7ed8a9e3396f3b405c46f754b9"
"workflows/drc/terrestrial/earthworm_reproduction.qmd","drc","earthworm_reproduction","28bdf260560cd6ffe661fcc0fe0a77bf","ca4b6b382b693146de316fe4681c5751"
"workflows/drc/terrestrial/plant_emergence.qmd","drc","plant_emergence","28bdf260560cd6ffe661fcc0fe0a77bf","16cca17e1771ff707632771e18b5e09e"
"workflows/drc/terrestrial/plant_growth.qmd","drc","plant_growth","28bdf260560cd6ffe661fcc0fe0a77bf","813681542a287433311ea8cd936498e3"
"workflows/drc/sediment/amphipod_survival.qmd","drc","amphipod_survival","28bdf260560cd6ffe661fcc0fe0a77bf","b092af3d274c04e0bcbbe7f9a58ea18a"
"workflows/drc/microbial/bioluminescence_inhibition.qmd","drc","bioluminescence_inhibition","28bdf260560cd6ffe661fcc0fe0a77bf","26bb67272278e6ccff4c8f117441cae9"
"workflows/drc/microbial/nitrification_inhibition.qmd","drc","nitrification_inhibition","28bdf260560cd6ffe661fcc0fe0a77bf","fc61df377fe777310e87653c0245f196"
